section,batch,metric,pattern,type,value,unit,originalEq5,tightEq6,description
"input","","source","","","paper-scaled-9000.txt","","","","Input file name"
"input","","Su","","","0.230000","ratio","","","Upper threshold"
"input","","Sl","","","0.100000","ratio","","","Lower threshold"
"input","","transactionCount","","","9000","rows","","","All batches"
"externalUtility","","EU","A","","2.000000","utility","","","Per item"
"externalUtility","","EU","B","","5.000000","utility","","","Per item"
"externalUtility","","EU","C","","1.000000","utility","","","Per item"
"externalUtility","","EU","D","","3.000000","utility","","","Per item"
"externalUtility","","EU","E","","6.000000","utility","","","Per item"
"externalUtility","","EU","F","","4.000000","utility","","","Per item"
"comparison","","sameFinalHaups","","","true","","","","Final LARGE sets match"
"comparison","","rescanCount","","","","times","2.000000","1.000000","Original Eq.(5) vs Tight Eq.(6)"
"comparison","","patternsVisited","","","","patterns","54.000000","35.000000","Original Eq.(5) vs Tight Eq.(6)"
"comparison","","combinedNodes","","","","nodes","37.000000","23.000000","Original Eq.(5) vs Tight Eq.(6)"
"comparison","","elapsedMs","","","","ms","168.834400","50.145400","Original Eq.(5) vs Tight Eq.(6)"
"comparison","","peakMemoryMb","","","","MB","55.624168","79.251663","Original Eq.(5) vs Tight Eq.(6)"
"batch","DB0","transactionCount","","","5000","rows","","","Rows in batch"
"batch","DB0","batchTU","","","141000.000000","utility","","","TU of batch"
"batch","DB0","batchMU","","","73000.000000","utility","","","MU of batch"
"batch","DB0","totalTU","","","141000.000000","utility","","","Cumulative TU"
"batch","DB0","upper","","","32430.000000","utility","","","Su times total TU"
"batch","DB0","lower","","","14100.000000","utility","","","Sl times total TU"
"batch","DB0","rescanTriggered","","","false","","","","INITIAL SCAN + PATTERN EXPANSION"
"batch","DB0","elapsedMs","","","21.465300","ms","","","Observed batch time"
"batch","DB0","memoryAfterMb","","","65.678528","MB","","","JVM heap after batch"
"pattern","DB0","AU","E","LARGE","60000.000000","utility","","","sumU=60000.000000; length=1"
"pattern","DB0","AU","BE","LARGE","45000.000000","utility","","","sumU=90000.000000; length=2"
"pattern","DB0","AU","B","LARGE","35000.000000","utility","","","sumU=35000.000000; length=1"
"pattern","DB0","AU","AE","LARGE","34000.000000","utility","","","sumU=68000.000000; length=2"
"pattern","DB0","AU","ABE","PRE-LARGE","31000.000000","utility","","","sumU=93000.000000; length=3"
"pattern","DB0","AU","AB","PRE-LARGE","27000.000000","utility","","","sumU=54000.000000; length=2"
"pattern","DB0","AU","A","PRE-LARGE","24000.000000","utility","","","sumU=24000.000000; length=1"
"pattern","DB0","AU","CE","PRE-LARGE","17000.000000","utility","","","sumU=34000.000000; length=2"
"pattern","DB0","AU","ACE","PRE-LARGE","15333.333333","utility","","","sumU=46000.000000; length=3"
"batch","DB1","transactionCount","","","2000","rows","","","Rows in batch"
"batch","DB1","batchTU","","","32000.000000","utility","","","TU of batch"
"batch","DB1","batchMU","","","24000.000000","utility","","","MU of batch"
"batch","DB1","totalTU","","","173000.000000","utility","","","Cumulative TU"
"batch","DB1","upper","","","39790.000000","utility","","","Su times total TU"
"batch","DB1","lower","","","17300.000000","utility","","","Sl times total TU"
"batch","DB1","rescanTriggered","","","false","","","","NO RE-SCAN: UPDATE EXISTING PATTERN TREE"
"batch","DB1","tightEq12Left","","","16640.000000","utility","","","MU(ID)-Su*TU(ID)"
"batch","DB1","tightEq12Right","","","18330.000000","utility","","","(Su-Sl)*TU(OD)"
"batch","DB1","elapsedMs","","","6.404100","ms","","","Observed batch time"
"batch","DB1","memoryAfterMb","","","67.606606","MB","","","JVM heap after batch"
"pattern","DB1","AU","E","LARGE","72000.000000","utility","","","sumU=72000.000000; length=1"
"pattern","DB1","AU","BE","LARGE","45000.000000","utility","","","sumU=90000.000000; length=2"
"pattern","DB1","AU","B","PRE-LARGE","35000.000000","utility","","","sumU=35000.000000; length=1"
"pattern","DB1","AU","AE","PRE-LARGE","34000.000000","utility","","","sumU=68000.000000; length=2"
"pattern","DB1","AU","ABE","PRE-LARGE","31000.000000","utility","","","sumU=93000.000000; length=3"
"pattern","DB1","AU","A","PRE-LARGE","30000.000000","utility","","","sumU=30000.000000; length=1"
"pattern","DB1","AU","AB","PRE-LARGE","27000.000000","utility","","","sumU=54000.000000; length=2"
"pattern","DB1","AU","CE","PRE-LARGE","24000.000000","utility","","","sumU=48000.000000; length=2"
"batch","DB2","transactionCount","","","2000","rows","","","Rows in batch"
"batch","DB2","batchTU","","","67000.000000","utility","","","TU of batch"
"batch","DB2","batchMU","","","40000.000000","utility","","","MU of batch"
"batch","DB2","totalTU","","","240000.000000","utility","","","Cumulative TU"
"batch","DB2","upper","","","55200.000000","utility","","","Su times total TU"
"batch","DB2","lower","","","24000.000000","utility","","","Sl times total TU"
"batch","DB2","rescanTriggered","","","true","","","","TIGHT RE-SCAN + FULL PATTERN EXPANSION"
"batch","DB2","tightEq12Left","","","41230.000000","utility","","","MU(ID)-Su*TU(ID)"
"batch","DB2","tightEq12Right","","","18330.000000","utility","","","(Su-Sl)*TU(OD)"
"batch","DB2","elapsedMs","","","22.238000","ms","","","Observed batch time"
"batch","DB2","memoryAfterMb","","","79.251663","MB","","","JVM heap after batch"
"pattern","DB2","AU","E","LARGE","84000.000000","utility","","","sumU=84000.000000; length=1"
"pattern","DB2","AU","B","LARGE","75000.000000","utility","","","sumU=75000.000000; length=1"
"pattern","DB2","AU","BE","LARGE","63500.000000","utility","","","sumU=127000.000000; length=2"
"pattern","DB2","AU","AB","PRE-LARGE","35500.000000","utility","","","sumU=71000.000000; length=2"
"pattern","DB2","AU","AE","PRE-LARGE","34000.000000","utility","","","sumU=68000.000000; length=2"
"pattern","DB2","AU","A","PRE-LARGE","32000.000000","utility","","","sumU=32000.000000; length=1"
"pattern","DB2","AU","ABE","PRE-LARGE","31000.000000","utility","","","sumU=93000.000000; length=3"
"pattern","DB2","AU","CE","PRE-LARGE","30500.000000","utility","","","sumU=61000.000000; length=2"
"pattern","DB2","AU","BD","PRE-LARGE","26000.000000","utility","","","sumU=52000.000000; length=2"
"pattern","DB2","AU","BCE","PRE-LARGE","25666.666667","utility","","","sumU=77000.000000; length=3"
