batch,type,pattern,items,averageUtility,sumUtility,length
"DB0",LARGE,"E","E",60.000000,60.000000,1
"DB0",LARGE,"BE","B E",45.000000,90.000000,2
"DB0",LARGE,"B","B",35.000000,35.000000,1
"DB0",LARGE,"AE","A E",34.000000,68.000000,2
"DB0",PRE_LARGE,"ABE","A B E",31.000000,93.000000,3
"DB0",PRE_LARGE,"AB","A B",27.000000,54.000000,2
"DB0",PRE_LARGE,"A","A",24.000000,24.000000,1
"DB0",PRE_LARGE,"CE","C E",17.000000,34.000000,2
"DB0",PRE_LARGE,"ACE","A C E",15.333333,46.000000,3
"DB1",LARGE,"E","E",72.000000,72.000000,1
"DB1",LARGE,"BE","B E",45.000000,90.000000,2
"DB1",PRE_LARGE,"B","B",35.000000,35.000000,1
"DB1",PRE_LARGE,"AE","A E",34.000000,68.000000,2
"DB1",PRE_LARGE,"ABE","A B E",31.000000,93.000000,3
"DB1",PRE_LARGE,"A","A",30.000000,30.000000,1
"DB1",PRE_LARGE,"AB","A B",27.000000,54.000000,2
"DB1",PRE_LARGE,"CE","C E",24.000000,48.000000,2
"DB2",LARGE,"E","E",84.000000,84.000000,1
"DB2",LARGE,"B","B",75.000000,75.000000,1
"DB2",LARGE,"BE","B E",63.500000,127.000000,2
"DB2",PRE_LARGE,"AB","A B",35.500000,71.000000,2
"DB2",PRE_LARGE,"AE","A E",34.000000,68.000000,2
"DB2",PRE_LARGE,"A","A",32.000000,32.000000,1
"DB2",PRE_LARGE,"ABE","A B E",31.000000,93.000000,3
"DB2",PRE_LARGE,"CE","C E",30.500000,61.000000,2
"DB2",PRE_LARGE,"BD","B D",26.000000,52.000000,2
"DB2",PRE_LARGE,"BCE","B C E",25.666667,77.000000,3
